0,Player_Zero,麦克
0,Player_One,富兰克林
0,Player_Two,崔佛
0,CSB_Abigail,阿比盖尔
0,CSB_Anita,安尼塔
0,CSB_Anton,安东
0,CSB_BallasOG,巴拉斯OG
0,CSB_Bride,新娘
0,CSB_BurgerDrug,CSB_BurgerDrug
0,CSB_Car3guy1,CSB_Car3guy1
0,CSB_Car3guy2,CSB_Car3guy2
0,CSB_Chef,谢夫
0,CSB_Chin_goon,CSB_Chin_goon
0,CSB_Cletus,克雷图斯
0,CSB_Cop,警察
0,CSB_Customer,顾客
0,CSB_Denise_friend,丹尼诗的朋友
0,CSB_FOS_rep,CSB_FOS_rep
0,CSB_G,CSB_G
0,CSB_Groom,新郎
0,CSB_Grove_str_dlr,CSB_Grove_str_dlr
0,CSB_Hao,浩
0,CSB_Hugh,CSB_Hugh
0,CSB_Imran,CSB_Imran
0,CSB_Janitor,清洁工
0,CSB_Maude,CSB_Maude
0,CSB_MWeather,CSB_MWeather
0,CSB_Ortega,CSB_Ortega
0,CSB_Oscar,CSB_Oscar
0,CSB_PornDudes,CSB_PornDudes
0,CSB_PrologueDriver,CSB_PrologueDriver
0,CSB_ProlSec,CSB_ProlSec
0,CSB_Ramp_gang,CSB_Ramp_gang
0,CSB_Ramp_hic,CSB_Ramp_hic
0,CSB_Ramp_hipster,CSB_Ramp_hipster
0,CSB_Ramp_marine,CSB_Ramp_marine
0,CSB_Ramp_mex,CSB_Ramp_mex
0,CSB_Reporter,CSB_Reporter
0,CSB_RoccoPelosi,CSB_RoccoPelosi
0,CSB_Screen_Writer,CSB_Screen_Writer
0,CSB_Stripper_01,CSB_Stripper_01
0,CSB_Stripper_02,CSB_Stripper_02
0,CSB_Tonya,CSB_Tonya
0,CSB_TrafficWarden,CSB_TrafficWarden
0,CS_AmandaTownley,阿曼达·汤利
0,CS_Andreas,安地列斯
0,CS_ashley,CS_ashley
0,CS_Bankman,CS_Bankman
0,CS_Barry,CS_Barry
0,CS_Beverly,CS_Beverly
0,CS_Brad,CS_Brad
0,CS_BradCadaver,CS_BradCadaver
0,CS_Carbuyer,CS_Carbuyer
0,CS_Casey,CS_Casey
0,CS_ChengSr,CS_ChengSr
0,CS_ChrisFormage,克里斯·佛满格
0,CS_Clay,CS_Clay
0,CS_Dale,CS_Dale
0,CS_DaveNorton,戴夫·诺顿
0,CS_debra,CS_debra
0,CS_denise,丹尼诗
0,CS_Devin,CS_Devin
0,CS_Dom,CS_Dom
0,CS_Dreyfuss,CS_Dreyfuss
0,CS_DrFriedlander,CS_DrFriedlander
0,CS_Fabien,CS_Fabien
0,CS_FBISuit_01,FBI警察
0,CS_Floyd,CS_Floyd
0,CS_Guadalope,CS_Guadalope
0,CS_gurk,CS_gurk
0,CS_Hunter,CS_Hunter
0,CS_Janet,CS_Janet
0,CS_JewelAss,CS_JewelAss
0,CS_JimmyBoston,CS_JimmyBoston
0,CS_JimmyDiSanto,CS_JimmyDiSanto
0,CS_JoeMinuteMan,CS_JoeMinuteMan
0,CS_JohnnyKlebitz,CS_JohnnyKlebitz
0,CS_Josef,CS_Josef
0,CS_Josh,CS_Josh
0,CS_LamarDavis,CS_LamarDavis
0,CS_Lazlow,CS_Lazlow
0,CS_LesterCrest,CS_LesterCrest
0,CS_LifeInvad_01,CS_LifeInvad_01
0,CS_Magenta,CS_Magenta
0,CS_Manuel,CS_Manuel
0,CS_Marnie,CS_Marnie
0,CS_MartinMadrazo,CS_MartinMadrazo
0,CS_MaryAnn,CS_MaryAnn
0,CS_Michelle,CS_Michelle
0,CS_Milton,CS_Milton
0,CS_Molly,CS_Molly
0,CS_MovPremF_01,CS_MovPremF_01
0,CS_MovPremMale,CS_MovPremMale
0,CS_MRK,CS_MRK
0,CS_MrsPhillips,CS_MrsPhillips
0,CS_MRS_Thornhill,CS_MRS_Thornhill
0,CS_Natalia,CS_Natalia
0,CS_NervousRon,CS_NervousRon
0,CS_Nigel,CS_Nigel
0,CS_Old_Man1A,CS_Old_Man1A
0,CS_Old_Man2,CS_Old_Man2
0,CS_Omega,CS_Omega
0,CS_Orleans,CS_Orleans
0,CS_Paper,CS_Paper
0,CS_Patricia,CS_Patricia
0,CS_Priest,CS_Priest
0,CS_ProlSec_02,CS_ProlSec_02
0,CS_RussianDrunk,CS_RussianDrunk
0,CS_SiemonYetarian,CS_SiemonYetarian
0,CS_Solomon,CS_Solomon
0,CS_SteveHains,CS_SteveHains
0,CS_Stretch,CS_Stretch
0,CS_Tanisha,CS_Tanisha
0,CS_TaoCheng,CS_TaoCheng
0,CS_TaosTranslator,CS_TaosTranslator
0,CS_TennisCoach,CS_TennisCoach
0,CS_Terry,CS_Terry
0,CS_Tom,CS_Tom
0,CS_TomEpsilon,CS_TomEpsilon
0,CS_TracyDiSanto,崔西·迪桑托
0,CS_Wade,CS_Wade
0,CS_Zimbor,CS_Zimbor
0,HC_Driver,HC_Driver
0,HC_Gunman,HC_Gunman
0,HC_Hacker,HC_Hacker
0,IG_Abigail,阿比盖尔
0,IG_AmandaTownley,阿曼达·汤利
0,IG_Andreas,安地列斯
0,IG_Ashley,阿什利
0,IG_BallasOG,巴拉斯
0,IG_Bankman,银行家
0,IG_Barry,巴里
0,IG_BestMen,贝斯曼
0,IG_Beverly,贝弗利
0,IG_Brad,布拉德
0,IG_Bride,新娘
0,IG_Car3guy1,IG_Car3guy1
0,IG_Car3guy2,IG_Car3guy2
0,IG_Casey,卡西
0,IG_Chef,谢夫
0,IG_ChengSr,IG_ChengSr
0,IG_ChrisFormage,克里斯·佛满格
0,IG_Clay,克雷
0,IG_ClayPain,克雷佩恩
0,IG_Cletus,克雷图斯
0,IG_Dale,IG_Dale
0,IG_DaveNorton,戴夫·诺顿
0,IG_Denise,丹尼诗
0,IG_Devin,IG_Devin
0,IG_Dom,IG_Dom
0,IG_Dreyfuss,IG_Dreyfuss
0,IG_DrFriedlander,IG_DrFriedlander
0,IG_Fabien,IG_Fabien
0,IG_FBISuit_01,FBI警察
0,IG_Floyd,IG_Floyd
0,IG_Groom,IG_Groom
0,IG_Hao,IG_Hao
0,IG_Hunter,IG_Hunter
0,IG_Janet,IG_Janet
0,IG_JAY_Norris,IG_JAY_Norris
0,IG_JewelAss,IG_JewelAss
0,IG_JimmyBoston,IG_JimmyBoston
0,IG_JimmyDiSanto,IG_JimmyDiSanto
0,IG_JoeMinuteMan,IG_JoeMinuteMan
0,IG_JohnnyKlebitz,IG_JohnnyKlebitz
0,IG_Josef,IG_Josef
0,IG_Josh,IG_Josh
0,IG_KerryMcIntosh,IG_KerryMcIntosh
0,IG_LamarDavis,IG_LamarDavis
0,IG_Lazlow,IG_Lazlow
0,IG_LesterCrest,IG_LesterCrest
0,IG_LifeInvad_01,IG_LifeInvad_01
0,IG_LifeInvad_02,IG_LifeInvad_02
0,IG_Magenta,IG_Magenta
0,IG_Manuel,IG_Manuel
0,IG_Marnie,IG_Marnie
0,IG_MaryAnn,IG_MaryAnn
0,IG_Maude,IG_Maude
0,IG_Michelle,IG_Michelle
0,IG_Milton,IG_Milton
0,IG_Molly,IG_Molly
0,IG_MRK,IG_MRK
0,IG_MrsPhillips,IG_MrsPhillips
0,IG_MRS_Thornhill,IG_MRS_Thornhill
0,IG_Natalia,IG_Natalia
0,IG_NervousRon,IG_NervousRon
0,IG_Nigel,IG_Nigel
0,IG_Old_Man1A,IG_Old_Man1A
0,IG_Old_Man2,IG_Old_Man2
0,IG_Omega,IG_Omega
0,IG_ONeil,IG_ONeil
0,IG_Orleans,IG_Orleans
0,IG_Ortega,IG_Ortega
0,IG_Paper,IG_Paper
0,IG_Patricia,IG_Patricia
0,IG_Priest,IG_Priest
0,IG_ProlSec_02,IG_ProlSec_02
0,IG_Ramp_Gang,IG_Ramp_Gang
0,IG_Ramp_Hic,IG_Ramp_Hic
0,IG_Ramp_Hipster,IG_Ramp_Hipster
0,IG_Ramp_Mex,IG_Ramp_Mex
0,IG_RoccoPelosi,IG_RoccoPelosi
0,IG_RussianDrunk,IG_RussianDrunk
0,IG_Screen_Writer,IG_Screen_Writer
0,IG_SiemonYetarian,IG_SiemonYetarian
0,IG_Solomon,IG_Solomon
0,IG_SteveHains,IG_SteveHains
0,IG_Stretch,IG_Stretch
0,IG_Talina,IG_Talina
0,IG_Tanisha,IG_Tanisha
0,IG_TaoCheng,IG_TaoCheng
0,IG_TaosTranslator,IG_TaosTranslator
0,IG_TennisCoach,IG_TennisCoach
0,IG_Terry,IG_Terry
0,IG_TomEpsilon,IG_TomEpsilon
0,IG_Tonya,IG_Tonya
0,IG_TracyDiSanto,崔西·迪桑托
0,IG_TrafficWarden,IG_TrafficWarden
0,IG_TylerDix,IG_TylerDix
0,IG_Wade,IG_Wade
0,IG_Zimbor,IG_Zimbor
0,IG_Benny,IG_Benny
0,IG_G,IG_G
0,IG_VagSpeak,IG_VagSpeak
0,MP_F_DeadHooker,MP_F_DeadHooker
0,MP_F_Freemode_01,MP_F_Freemode_01
0,MP_F_Misty_01,MP_F_Misty_01
0,MP_F_StripperLite,MP_F_StripperLite
0,MP_G_M_Pros_01,MP_G_M_Pros_01
0,MP_HeadTargets,MP_HeadTargets
0,MP_M_Claude_01,MP_M_Claude_01
0,MP_M_ExArmy_01,MP_M_ExArmy_01
0,MP_M_FamDD_01,MP_M_FamDD_01
0,MP_M_FIBSec_01,MP_M_FIBSec_01
0,MP_M_Freemode_01,MP_M_Freemode_01
0,MP_M_Marston_01,MP_M_Marston_01
0,MP_M_Niko_01,MP_M_Niko_01
0,MP_M_ShopKeep_01,MP_M_ShopKeep_01
0,MP_S_M_Armoured_01,MP_S_M_Armoured_01
0,MP_M_G_VagFun_01,MP_M_G_VagFun_01
0,MP_M_BoatStaff_01,MP_M_BoatStaff_01
0,MP_F_BoatStaff_01,MP_F_BoatStaff_01
0,A_F_M_Beach_01,海滩妹m1
0,A_F_M_BevHills_01,A_F_M_BevHills_01
0,A_F_M_BevHills_02,A_F_M_BevHills_02
0,A_F_M_BodyBuild_01,A_F_M_BodyBuild_01
0,A_F_M_Business_02,A_F_M_Business_02
0,A_F_M_Downtown_01,A_F_M_Downtown_01
0,A_F_M_EastSA_01,A_F_M_EastSA_01
0,A_F_M_EastSA_02,A_F_M_EastSA_02
0,A_F_M_FatBla_01,A_F_M_FatBla_01
0,A_F_M_FatCult_01,A_F_M_FatCult_01
0,A_F_M_FatWhite_01,A_F_M_FatWhite_01
0,A_F_M_KTown_01,A_F_M_KTown_01
0,A_F_M_KTown_02,A_F_M_KTown_02
0,A_F_M_ProlHost_01,A_F_M_ProlHost_01
0,A_F_M_Salton_01,A_F_M_Salton_01
0,A_F_M_SkidRow_01,A_F_M_SkidRow_01
0,A_F_M_SouCentMC_01,A_F_M_SouCentMC_01
0,A_F_M_SouCent_01,A_F_M_SouCent_01
0,A_F_M_SouCent_02,A_F_M_SouCent_02
0,A_F_M_Tourist_01,A_F_M_Tourist_01
0,A_F_M_TrampBeac_01,A_F_M_TrampBeac_01
0,A_F_M_Tramp_01,A_F_M_Tramp_01
0,A_F_O_GenStreet_01,A_F_O_GenStreet_01
0,A_F_O_Indian_01,A_F_O_Indian_01
0,A_F_O_KTown_01,A_F_O_KTown_01
0,A_F_O_Salton_01,A_F_O_Salton_01
0,A_F_O_SouCent_01,A_F_O_SouCent_01
0,A_F_O_SouCent_02,A_F_O_SouCent_02
0,A_F_Y_Beach_01,A_F_Y_Beach_01
0,A_F_Y_BevHills_01,A_F_Y_BevHills_01
0,A_F_Y_BevHills_02,A_F_Y_BevHills_02
0,A_F_Y_BevHills_03,A_F_Y_BevHills_03
0,A_F_Y_BevHills_04,A_F_Y_BevHills_04
0,A_F_Y_Business_01,A_F_Y_Business_01
0,A_F_Y_Business_02,A_F_Y_Business_02
0,A_F_Y_Business_03,A_F_Y_Business_03
0,A_F_Y_Business_04,A_F_Y_Business_04
0,A_F_Y_EastSA_01,A_F_Y_EastSA_01
0,A_F_Y_EastSA_02,A_F_Y_EastSA_02
0,A_F_Y_EastSA_03,A_F_Y_EastSA_03
0,A_F_Y_Epsilon_01,A_F_Y_Epsilon_01
0,A_F_Y_Fitness_01,A_F_Y_Fitness_01
0,A_F_Y_Fitness_02,A_F_Y_Fitness_02
0,A_F_Y_GenHot_01,A_F_Y_GenHot_01
0,A_F_Y_Golfer_01,A_F_Y_Golfer_01
0,A_F_Y_Hiker_01,A_F_Y_Hiker_01
0,A_F_Y_Hippie_01,A_F_Y_Hippie_01
0,A_F_Y_Hipster_01,A_F_Y_Hipster_01
0,A_F_Y_Hipster_02,A_F_Y_Hipster_02
0,A_F_Y_Hipster_03,A_F_Y_Hipster_03
0,A_F_Y_Hipster_04,A_F_Y_Hipster_04
0,A_F_Y_Indian_01,A_F_Y_Indian_01
0,A_F_Y_Juggalo_01,A_F_Y_Juggalo_01
0,A_F_Y_Runner_01,A_F_Y_Runner_01
0,A_F_Y_RurMeth_01,A_F_Y_RurMeth_01
0,A_F_Y_SCDressy_01,A_F_Y_SCDressy_01
0,A_F_Y_Skater_01,A_F_Y_Skater_01
0,A_F_Y_SouCent_01,A_F_Y_SouCent_01
0,A_F_Y_SouCent_02,A_F_Y_SouCent_02
0,A_F_Y_SouCent_03,A_F_Y_SouCent_03
0,A_F_Y_Tennis_01,A_F_Y_Tennis_01
0,A_F_Y_Topless_01,A_F_Y_Topless_01
0,A_F_Y_Tourist_01,A_F_Y_Tourist_01
0,A_F_Y_Tourist_02,A_F_Y_Tourist_02
0,A_F_Y_Vinewood_01,A_F_Y_Vinewood_01
0,A_F_Y_Vinewood_02,A_F_Y_Vinewood_02
0,A_F_Y_Vinewood_03,A_F_Y_Vinewood_03
0,A_F_Y_Vinewood_04,A_F_Y_Vinewood_04
0,A_F_Y_Yoga_01,A_F_Y_Yoga_01
0,A_M_M_ACult_01,A_M_M_ACult_01
0,A_M_M_AfriAmer_01,A_M_M_AfriAmer_01
0,A_M_M_Beach_01,A_M_M_Beach_01
0,A_M_M_Beach_02,A_M_M_Beach_02
0,A_M_M_BevHills_01,A_M_M_BevHills_01
0,A_M_M_BevHills_02,A_M_M_BevHills_02
0,A_M_M_Business_01,A_M_M_Business_01
0,A_M_M_EastSA_01,A_M_M_EastSA_01
0,A_M_M_EastSA_02,A_M_M_EastSA_02
0,A_M_M_Farmer_01,A_M_M_Farmer_01
0,A_M_M_FatLatin_01,A_M_M_FatLatin_01
0,A_M_M_GenFat_01,A_M_M_GenFat_01
0,A_M_M_GenFat_02,A_M_M_GenFat_02
0,A_M_M_Golfer_01,A_M_M_Golfer_01
0,A_M_M_HasJew_01,A_M_M_HasJew_01
0,A_M_M_Hillbilly_01,A_M_M_Hillbilly_01
0,A_M_M_Hillbilly_02,A_M_M_Hillbilly_02
0,A_M_M_Indian_01,A_M_M_Indian_01
0,A_M_M_KTown_01,A_M_M_KTown_01
0,A_M_M_Malibu_01,A_M_M_Malibu_01
0,A_M_M_MexCntry_01,A_M_M_MexCntry_01
0,A_M_M_MexLabor_01,A_M_M_MexLabor_01
0,A_M_M_OG_Boss_01,A_M_M_OG_Boss_01
0,A_M_M_Paparazzi_01,A_M_M_Paparazzi_01
0,A_M_M_Polynesian_01,A_M_M_Polynesian_01
0,A_M_M_ProlHost_01,A_M_M_ProlHost_01
0,A_M_M_RurMeth_01,A_M_M_RurMeth_01
0,A_M_M_Salton_01,A_M_M_Salton_01
0,A_M_M_Salton_02,A_M_M_Salton_02
0,A_M_M_Salton_03,A_M_M_Salton_03
0,A_M_M_Salton_04,A_M_M_Salton_04
0,A_M_M_Skater_01,A_M_M_Skater_01
0,A_M_M_Skidrow_01,A_M_M_Skidrow_01
0,A_M_M_SoCenLat_01,A_M_M_SoCenLat_01
0,A_M_M_SouCent_01,A_M_M_SouCent_01
0,A_M_M_SouCent_02,A_M_M_SouCent_02
0,A_M_M_SouCent_03,A_M_M_SouCent_03
0,A_M_M_SouCent_04,A_M_M_SouCent_04
0,A_M_M_StLat_02,A_M_M_StLat_02
0,A_M_M_Tennis_01,A_M_M_Tennis_01
0,A_M_M_Tourist_01,A_M_M_Tourist_01
0,A_M_M_TrampBeac_01,A_M_M_TrampBeac_01
0,A_M_M_Tramp_01,A_M_M_Tramp_01
0,A_M_M_TranVest_01,A_M_M_TranVest_01
0,A_M_M_TranVest_02,A_M_M_TranVest_02
0,A_M_O_ACult_01,A_M_O_ACult_01
0,A_M_O_ACult_02,A_M_O_ACult_02
0,A_M_O_Beach_01,A_M_O_Beach_01
0,A_M_O_GenStreet_01,A_M_O_GenStreet_01
0,A_M_O_KTown_01,A_M_O_KTown_01
0,A_M_O_Salton_01,A_M_O_Salton_01
0,A_M_O_SouCent_01,A_M_O_SouCent_01
0,A_M_O_SouCent_02,A_M_O_SouCent_02
0,A_M_O_SouCent_03,A_M_O_SouCent_03
0,A_M_O_Tramp_01,A_M_O_Tramp_01
0,A_M_Y_ACult_01,A_M_Y_ACult_01
0,A_M_Y_ACult_02,A_M_Y_ACult_02
0,A_M_Y_BeachVesp_01,A_M_Y_BeachVesp_01
0,A_M_Y_BeachVesp_02,A_M_Y_BeachVesp_02
0,A_M_Y_Beach_01,A_M_Y_Beach_01
0,A_M_Y_Beach_02,A_M_Y_Beach_02
0,A_M_Y_Beach_03,A_M_Y_Beach_03
0,A_M_Y_BevHills_01,A_M_Y_BevHills_01
0,A_M_Y_BevHills_02,A_M_Y_BevHills_02
0,A_M_Y_BreakDance_01,A_M_Y_BreakDance_01
0,A_M_Y_BusiCas_01,A_M_Y_BusiCas_01
0,A_M_Y_Business_01,A_M_Y_Business_01
0,A_M_Y_Business_02,A_M_Y_Business_02
0,A_M_Y_Business_03,A_M_Y_Business_03
0,A_M_Y_Cyclist_01,A_M_Y_Cyclist_01
0,A_M_Y_DHill_01,A_M_Y_DHill_01
0,A_M_Y_Downtown_01,A_M_Y_Downtown_01
0,A_M_Y_EastSA_01,A_M_Y_EastSA_01
0,A_M_Y_EastSA_02,A_M_Y_EastSA_02
0,A_M_Y_Epsilon_01,A_M_Y_Epsilon_01
0,A_M_Y_Epsilon_02,A_M_Y_Epsilon_02
0,A_M_Y_Gay_01,A_M_Y_Gay_01
0,A_M_Y_Gay_02,A_M_Y_Gay_02
0,A_M_Y_GenStreet_01,A_M_Y_GenStreet_01
0,A_M_Y_GenStreet_02,A_M_Y_GenStreet_02
0,A_M_Y_Golfer_01,A_M_Y_Golfer_01
0,A_M_Y_HasJew_01,A_M_Y_HasJew_01
0,A_M_Y_Hiker_01,A_M_Y_Hiker_01
0,A_M_Y_Hippy_01,A_M_Y_Hippy_01
0,A_M_Y_Hipster_01,A_M_Y_Hipster_01
0,A_M_Y_Hipster_02,A_M_Y_Hipster_02
0,A_M_Y_Hipster_03,A_M_Y_Hipster_03
0,A_M_Y_Indian_01,A_M_Y_Indian_01
0,A_M_Y_Jetski_01,A_M_Y_Jetski_01
0,A_M_Y_Juggalo_01,A_M_Y_Juggalo_01
0,A_M_Y_KTown_01,A_M_Y_KTown_01
0,A_M_Y_KTown_02,A_M_Y_KTown_02
0,A_M_Y_Latino_01,A_M_Y_Latino_01
0,A_M_Y_MethHead_01,A_M_Y_MethHead_01
0,A_M_Y_MexThug_01,A_M_Y_MexThug_01
0,A_M_Y_MotoX_01,A_M_Y_MotoX_01
0,A_M_Y_MotoX_02,A_M_Y_MotoX_02
0,A_M_Y_MusclBeac_01,A_M_Y_MusclBeac_01
0,A_M_Y_MusclBeac_02,A_M_Y_MusclBeac_02
0,A_M_Y_Polynesian_01,A_M_Y_Polynesian_01
0,A_M_Y_RoadCyc_01,A_M_Y_RoadCyc_01
0,A_M_Y_Runner_01,A_M_Y_Runner_01
0,A_M_Y_Runner_02,A_M_Y_Runner_02
0,A_M_Y_Salton_01,A_M_Y_Salton_01
0,A_M_Y_Skater_01,A_M_Y_Skater_01
0,A_M_Y_Skater_02,A_M_Y_Skater_02
0,A_M_Y_SouCent_01,A_M_Y_SouCent_01
0,A_M_Y_SouCent_02,A_M_Y_SouCent_02
0,A_M_Y_SouCent_03,A_M_Y_SouCent_03
0,A_M_Y_SouCent_04,A_M_Y_SouCent_04
0,A_M_Y_StBla_01,A_M_Y_StBla_01
0,A_M_Y_StBla_02,A_M_Y_StBla_02
0,A_M_Y_StLat_01,A_M_Y_StLat_01
0,A_M_Y_StWhi_01,A_M_Y_StWhi_01
0,A_M_Y_StWhi_02,A_M_Y_StWhi_02
0,A_M_Y_Sunbathe_01,A_M_Y_Sunbathe_01
0,A_M_Y_Surfer_01,A_M_Y_Surfer_01
0,A_M_Y_VinDouche_01,A_M_Y_VinDouche_01
0,A_M_Y_Vinewood_01,A_M_Y_Vinewood_01
0,A_M_Y_Vinewood_02,A_M_Y_Vinewood_02
0,A_M_Y_Vinewood_03,A_M_Y_Vinewood_03
0,A_M_Y_Vinewood_04,A_M_Y_Vinewood_04
0,A_M_Y_Yoga_01,A_M_Y_Yoga_01
0,G_F_Y_ballas_01,G_F_Y_ballas_01
0,G_F_Y_Families_01,G_F_Y_Families_01
0,G_F_Y_Lost_01,G_F_Y_Lost_01
0,G_F_Y_Vagos_01,G_F_Y_Vagos_01
0,G_M_M_ArmBoss_01,G_M_M_ArmBoss_01
0,G_M_M_ArmGoon_01,G_M_M_ArmGoon_01
0,G_M_M_ArmLieut_01,G_M_M_ArmLieut_01
0,G_M_M_ChemWork_01,G_M_M_ChemWork_01
0,G_M_M_ChiBoss_01,G_M_M_ChiBoss_01
0,G_M_M_ChiCold_01,G_M_M_ChiCold_01
0,G_M_M_ChiGoon_01,G_M_M_ChiGoon_01
0,G_M_M_ChiGoon_02,G_M_M_ChiGoon_02
0,G_M_M_KorBoss_01,G_M_M_KorBoss_01
0,G_M_M_MexBoss_01,G_M_M_MexBoss_01
0,G_M_M_MexBoss_02,G_M_M_MexBoss_02
0,G_M_Y_ArmGoon_02,G_M_Y_ArmGoon_02
0,G_M_Y_Azteca_01,G_M_Y_Azteca_01
0,G_M_Y_BallaEast_01,G_M_Y_BallaEast_01
0,G_M_Y_BallaOrig_01,G_M_Y_BallaOrig_01
0,G_M_Y_BallaSout_01,G_M_Y_BallaSout_01
0,G_M_Y_FamCA_01,G_M_Y_FamCA_01
0,G_M_Y_FamDNF_01,G_M_Y_FamDNF_01
0,G_M_Y_FamFor_01,G_M_Y_FamFor_01
0,G_M_Y_Korean_01,G_M_Y_Korean_01
0,G_M_Y_Korean_02,G_M_Y_Korean_02
0,G_M_Y_KorLieut_01,G_M_Y_KorLieut_01
0,G_M_Y_Lost_01,G_M_Y_Lost_01
0,G_M_Y_Lost_02,G_M_Y_Lost_02
0,G_M_Y_Lost_03,G_M_Y_Lost_03
0,G_M_Y_MexGang_01,G_M_Y_MexGang_01
0,G_M_Y_MexGoon_01,G_M_Y_MexGoon_01
0,G_M_Y_MexGoon_02,G_M_Y_MexGoon_02
0,G_M_Y_MexGoon_03,G_M_Y_MexGoon_03
0,G_M_Y_PoloGoon_01,G_M_Y_PoloGoon_01
0,G_M_Y_PoloGoon_02,G_M_Y_PoloGoon_02
0,G_M_Y_SalvaBoss_01,G_M_Y_SalvaBoss_01
0,G_M_Y_SalvaGoon_01,G_M_Y_SalvaGoon_01
0,G_M_Y_SalvaGoon_02,G_M_Y_SalvaGoon_02
0,G_M_Y_SalvaGoon_03,G_M_Y_SalvaGoon_03
0,G_M_Y_StrPunk_01,G_M_Y_StrPunk_01
0,G_M_Y_StrPunk_02,G_M_Y_StrPunk_02
0,S_F_M_Fembarber,S_F_M_Fembarber
0,S_F_M_Maid_01,S_F_M_Maid_01
0,S_F_M_Shop_HIGH,S_F_M_Shop_HIGH
0,S_F_M_SweatShop_01,S_F_M_SweatShop_01
0,S_F_Y_AirHostess_01,S_F_Y_AirHostess_01
0,S_F_Y_Bartender_01,S_F_Y_Bartender_01
0,S_F_Y_Baywatch_01,S_F_Y_Baywatch_01
0,S_F_Y_Cop_01,S_F_Y_Cop_01
0,S_F_Y_Factory_01,S_F_Y_Factory_01
0,S_F_Y_Hooker_01,S_F_Y_Hooker_01
0,S_F_Y_Hooker_02,S_F_Y_Hooker_02
0,S_F_Y_Hooker_03,S_F_Y_Hooker_03
0,S_F_Y_Migrant_01,S_F_Y_Migrant_01
0,S_F_Y_MovPrem_01,S_F_Y_MovPrem_01
0,S_F_Y_Ranger_01,S_F_Y_Ranger_01
0,S_F_Y_Scrubs_01,S_F_Y_Scrubs_01
0,S_F_Y_Sheriff_01,S_F_Y_Sheriff_01
0,S_F_Y_Shop_LOW,S_F_Y_Shop_LOW
0,S_F_Y_Shop_MID,S_F_Y_Shop_MID
0,S_F_Y_StripperLite,S_F_Y_StripperLite
0,S_F_Y_Stripper_01,S_F_Y_Stripper_01
0,S_F_Y_Stripper_02,S_F_Y_Stripper_02
0,S_F_Y_SweatShop_01,S_F_Y_SweatShop_01
0,S_M_M_AmmuCountry,S_M_M_AmmuCountry
0,S_M_M_Armoured_01,S_M_M_Armoured_01
0,S_M_M_Armoured_02,S_M_M_Armoured_02
0,S_M_M_AutoShop_01,S_M_M_AutoShop_01
0,S_M_M_AutoShop_02,S_M_M_AutoShop_02
0,S_M_M_Bouncer_01,S_M_M_Bouncer_01
0,S_M_M_ChemSec_01,S_M_M_ChemSec_01
0,S_M_M_CIASec_01,S_M_M_CIASec_01
0,S_M_M_CntryBar_01,S_M_M_CntryBar_01
0,S_M_M_DockWork_01,S_M_M_DockWork_01
0,S_M_M_Doctor_01,S_M_M_Doctor_01
0,S_M_M_FIBOffice_01,S_M_M_FIBOffice_01
0,S_M_M_FIBOffice_02,S_M_M_FIBOffice_02
0,S_M_M_Gaffer_01,S_M_M_Gaffer_01
0,S_M_M_Gardener_01,S_M_M_Gardener_01
0,S_M_M_GenTransport,S_M_M_GenTransport
0,S_M_M_HairDress_01,S_M_M_HairDress_01
0,S_M_M_HighSec_01,西装保镖m1
0,S_M_M_HighSec_02,西装保镖m2
0,S_M_M_Janitor,S_M_M_Janitor
0,S_M_M_LatHandy_01,S_M_M_LatHandy_01
0,S_M_M_LifeInvad_01,S_M_M_LifeInvad_01
0,S_M_M_Linecook,S_M_M_Linecook
0,S_M_M_LSMetro_01,S_M_M_LSMetro_01
0,S_M_M_Mariachi_01,S_M_M_Mariachi_01
0,S_M_M_Marine_01,海军士兵m
0,S_M_M_Marine_02,海军军官
0,S_M_M_Migrant_01,S_M_M_Migrant_01
0,S_M_M_MovAlien_01,外星人
0,S_M_M_MovPrem_01,S_M_M_MovPrem_01
0,S_M_M_MovSpace_01,S_M_M_MovSpace_01
0,S_M_M_Paramedic_01,S_M_M_Paramedic_01
0,S_M_M_Pilot_01,S_M_M_Pilot_01
0,S_M_M_Pilot_02,S_M_M_Pilot_02
0,S_M_M_Postal_01,S_M_M_Postal_01
0,S_M_M_Postal_02,S_M_M_Postal_02
0,S_M_M_PrisGuard_01,S_M_M_PrisGuard_01
0,S_M_M_Scientist_01,S_M_M_Scientist_01
0,S_M_M_Security_01,S_M_M_Security_01
0,S_M_M_SnowCop_01,S_M_M_SnowCop_01
0,S_M_M_StrPerf_01,S_M_M_StrPerf_01
0,S_M_M_StrPreach_01,S_M_M_StrPreach_01
0,S_M_M_StrVend_01,S_M_M_StrVend_01
0,S_M_M_Trucker_01,S_M_M_Trucker_01
0,S_M_M_UPS_01,S_M_M_UPS_01
0,S_M_M_UPS_02,S_M_M_UPS_02
0,S_M_O_Busker_01,S_M_O_Busker_01
0,S_M_Y_AirWorker,S_M_Y_AirWorker
0,S_M_Y_AmmuCity_01,S_M_Y_AmmuCity_01
0,S_M_Y_ArmyMech_01,S_M_Y_ArmyMech_01
0,S_M_Y_Autopsy_01,S_M_Y_Autopsy_01
0,S_M_Y_Barman_01,S_M_Y_Barman_01
0,S_M_Y_BayWatch_01,S_M_Y_BayWatch_01
0,S_M_Y_BlackOps_01,S_M_Y_BlackOps_01
0,S_M_Y_BlackOps_02,S_M_Y_BlackOps_02
0,S_M_Y_BusBoy_01,S_M_Y_BusBoy_01
0,S_M_Y_Chef_01,S_M_Y_Chef_01
0,S_M_Y_Clown_01,S_M_Y_Clown_01
0,S_M_Y_Construct_01,S_M_Y_Construct_01
0,S_M_Y_Construct_02,S_M_Y_Construct_02
0,S_M_Y_Cop_01,S_M_Y_Cop_01
0,S_M_Y_Dealer_01,S_M_Y_Dealer_01
0,S_M_Y_DevinSec_01,S_M_Y_DevinSec_01
0,S_M_Y_DockWork_01,S_M_Y_DockWork_01
0,S_M_Y_Doorman_01,S_M_Y_Doorman_01
0,S_M_Y_DWService_01,S_M_Y_DWService_01
0,S_M_Y_DWService_02,S_M_Y_DWService_02
0,S_M_Y_Factory_01,S_M_Y_Factory_01
0,S_M_Y_Fireman_01,S_M_Y_Fireman_01
0,S_M_Y_Garbage,S_M_Y_Garbage
0,S_M_Y_Grip_01,S_M_Y_Grip_01
0,S_M_Y_HwayCop_01,S_M_Y_HwayCop_01
0,S_M_Y_Marine_01,海军士兵y1
0,S_M_Y_Marine_02,海军士兵y2
0,S_M_Y_Marine_03,海军士兵y3
0,S_M_Y_Mime,S_M_Y_Mime
0,S_M_Y_PestCont_01,S_M_Y_PestCont_01
0,S_M_Y_Pilot_01,S_M_Y_Pilot_01
0,S_M_Y_PrisMuscl_01,S_M_Y_PrisMuscl_01
0,S_M_Y_Prisoner_01,S_M_Y_Prisoner_01
0,S_M_Y_Ranger_01,S_M_Y_Ranger_01
0,S_M_Y_Robber_01,S_M_Y_Robber_01
0,S_M_Y_Sheriff_01,S_M_Y_Sheriff_01
0,S_M_Y_Shop_MASK,S_M_Y_Shop_MASK
0,S_M_Y_StrVend_01,S_M_Y_StrVend_01
0,S_M_Y_Swat_01,SWAT特警
0,S_M_Y_USCG_01,S_M_Y_USCG_01
0,S_M_Y_Valet_01,S_M_Y_Valet_01
0,S_M_Y_Waiter_01,S_M_Y_Waiter_01
0,S_M_Y_WinClean_01,S_M_Y_WinClean_01
0,S_M_Y_XMech_01,S_M_Y_XMech_01
0,S_M_Y_XMech_02,S_M_Y_XMech_02
0,U_F_M_Corpse_01,U_F_M_Corpse_01
0,U_F_M_Miranda,U_F_M_Miranda
0,U_F_M_ProMourn_01,U_F_M_ProMourn_01
0,U_F_O_MovieStar,U_F_O_MovieStar
0,U_F_O_ProlHost_01,U_F_O_ProlHost_01
0,U_F_Y_BikerChic,U_F_Y_BikerChic
0,U_F_Y_COMJane,U_F_Y_COMJane
0,U_F_Y_corpse_01,U_F_Y_corpse_01
0,U_F_Y_corpse_02,U_F_Y_corpse_02
0,U_F_Y_HotPosh_01,U_F_Y_HotPosh_01
0,U_F_Y_JewelAss_01,U_F_Y_JewelAss_01
0,U_F_Y_Mistress,U_F_Y_Mistress
0,U_F_Y_PoppyMich,U_F_Y_PoppyMich
0,U_F_Y_Princess,U_F_Y_Princess
0,U_F_Y_SpyActress,U_F_Y_SpyActress
0,U_M_M_Aldinapoli,U_M_M_Aldinapoli
0,U_M_M_BankMan,U_M_M_BankMan
0,U_M_M_BikeHire_01,U_M_M_BikeHire_01
0,U_M_M_FIBArchitect,U_M_M_FIBArchitect
0,U_M_M_FilmDirector,U_M_M_FilmDirector
0,U_M_M_GlenStank_01,U_M_M_GlenStank_01
0,U_M_M_Griff_01,U_M_M_Griff_01
0,U_M_M_Jesus_01,耶稣
0,U_M_M_JewelSec_01,U_M_M_JewelSec_01
0,U_M_M_JewelThief,U_M_M_JewelThief
0,U_M_M_MarkFost,U_M_M_MarkFost
0,U_M_M_PartyTarget,U_M_M_PartyTarget
0,U_M_M_ProlSec_01,U_M_M_ProlSec_01
0,U_M_M_ProMourn_01,U_M_M_ProMourn_01
0,U_M_M_RivalPap,U_M_M_RivalPap
0,U_M_M_SpyActor,U_M_M_SpyActor
0,U_M_M_WillyFist,U_M_M_WillyFist
0,U_M_O_FinGuru_01,U_M_O_FinGuru_01
0,U_M_O_TapHillBilly,U_M_O_TapHillBilly
0,U_M_O_Tramp_01,U_M_O_Tramp_01
0,U_M_Y_Abner,U_M_Y_Abner
0,U_M_Y_AntonB,U_M_Y_AntonB
0,U_M_Y_BabyD,U_M_Y_BabyD
0,U_M_Y_Baygor,U_M_Y_Baygor
0,U_M_Y_BurgerDrug_01,U_M_Y_BurgerDrug_01
0,U_M_Y_Chip,U_M_Y_Chip
0,U_M_Y_Cyclist_01,U_M_Y_Cyclist_01
0,U_M_Y_FIBMugger_01,U_M_Y_FIBMugger_01
0,U_M_Y_Guido_01,U_M_Y_Guido_01
0,U_M_Y_GunVend_01,U_M_Y_GunVend_01
0,U_M_Y_Hippie_01,U_M_Y_Hippie_01
0,U_M_Y_ImpoRage,U_M_Y_ImpoRage
0,U_M_Y_Justin,U_M_Y_Justin
0,U_M_Y_Mani,U_M_Y_Mani
0,U_M_Y_MilitaryBum,U_M_Y_MilitaryBum
0,U_M_Y_Paparazzi,U_M_Y_Paparazzi
0,U_M_Y_Party_01,U_M_Y_Party_01
0,U_M_Y_Pogo_01,U_M_Y_Pogo_01
0,U_M_Y_Prisoner_01,U_M_Y_Prisoner_01
0,U_M_Y_ProlDriver_01,U_M_Y_ProlDriver_01
0,U_M_Y_RSRanger_01,U_M_Y_RSRanger_01
0,U_M_Y_SBike,U_M_Y_SBike
0,U_M_Y_StagGrm_01,U_M_Y_StagGrm_01
0,U_M_Y_Tattoo_01,U_M_Y_Tattoo_01
0,U_M_Y_Zombie_01,僵尸
